{"cameraMode":{"drawMode":0,"name":"Shaded","section":"Shading Mode"},"sceneLighting":false,"audioPlay":false,"sceneViewState":{"m_AlwaysRefresh":false,"showFog":true,"showSkybox":false,"showFlares":true,"showImageEffects":true,"showParticleSystems":true,"showVisualEffectGraphs":true,"m_FxEnabled":true},"in2DMode":false,"pivot":{"x":-2.4363837242126467,"y":0.8158595561981201,"z":-5.844273567199707},"rotation":{"x":-0.8038240671157837,"y":0.02154254913330078,"z":-0.028808340430259706,"w":-0.5938613414764404},"size":0.6535385847091675,"orthographic":true}