{"cameraMode":{"drawMode":0,"name":"Shaded","section":"Shading Mode"},"sceneLighting":true,"audioPlay":false,"sceneViewState":{"m_AlwaysRefresh":false,"showFog":true,"showSkybox":true,"showFlares":true,"showImageEffects":true,"showParticleSystems":true,"showVisualEffectGraphs":true,"m_FxEnabled":true},"in2DMode":false,"pivot":{"x":261.5081787109375,"y":145.60134887695313,"z":53.63726806640625},"rotation":{"x":-0.05342696234583855,"y":-0.17670486867427827,"z":0.009606149978935719,"w":-0.9827679991722107},"size":385.6134338378906,"orthographic":false}