{"cameraMode":{"drawMode":0,"name":"Shaded","section":"Shading Mode"},"sceneLighting":true,"audioPlay":false,"sceneViewState":{"m_AlwaysRefresh":false,"showFog":true,"showSkybox":true,"showFlares":true,"showImageEffects":true,"showParticleSystems":true,"showVisualEffectGraphs":true,"m_FxEnabled":true},"in2DMode":false,"pivot":{"x":204.90028381347657,"y":3.668468475341797,"z":19.65420150756836},"rotation":{"x":-0.4070960283279419,"y":-0.028675807639956476,"z":0.012489681132137776,"w":-0.9130368828773499},"size":251.23275756835938,"orthographic":false}